{
  "name": "scene6",
  "maxRecursionLevel": 6,
  "antiAliasingFactor": 1,
  "renderRefarctions": true,
  "renderReflections": true,
  "camera": {
    "cameraPosition": {
      "x": 2.0,
      "y": 0.0,
      "z": 2.0
    },
    "centerPoint": {
      "x": 01.0,
      "y": 0.0,
      "z": 1.0
    },
    "towardsVec": {
      "x": 0.0,
      "y": 0.0,
      "z": -1.0
    },
    "upVec": {
      "x": 0.7071067811865476,
      "y": 0.7071067811865476,
      "z": 0.0
    },
    "rightVec": {
      "x": 0.7071067811865475,
      "y": -0.7071067811865475,
      "z": 0.0
    },
    "viewPlainWidth": 2.0,
    "distanceToPlain": 1.0,
    "resX": 200.0,
    "resY": 200.0,
    "pixelRatio": 0.0
  },
  "ambient": {
    "x": 1.0,
    "y": 1.0,
    "z": 1.0
  },
  "backgroundColor": {
    "x": 0.2,
    "y": 0.2,
    "z": 0.2
  },
  "lightSources": [
    {
      "CLASSNAME": "edu.cg.scene.lightSources.DirectionalLight",
      "DATA": {
        "direction": {
          "x": 0.0,
          "y": 0.0,
          "z": -1.0
        },
        "intensity": {
          "x": 1.0,
          "y": 1.0,
          "z": 1.0
        }
      }
    }
  ],
  "surfaces": [
      {
      "shape": {
        "CLASSNAME": "edu.cg.scene.objects.AxisAlignedBox",
        "DATA": {
          "minPoint": {
            "x": 0.0,
            "y": 1.0,
            "z": 0.0
          },
          "maxPoint": {
            "x": 1.0,
            "y": 2.0,
            "z": 1.0
          },
          "name": "Box 8"
        }
      },
      "material": {
        "Ka": {
          "x": 0.6311342465091653,
          "y": 0.511253922985763,
          "z": 0.39587742595915254
        },
        "Kd": {
          "x": 0.6311342465091653,
          "y": 0.511253922985763,
          "z": 0.39587742595915254
        },
        "Ks": {
          "x": 0.4558660972838132,
          "y": 0.4558660972838132,
          "z": 0.4558660972838132
        },
        "reflectionIntensity": 0.0,
        "shininess": 11,
        "isTransparent": false,
        "refractionIntensity": 0.7,
        "refractionIndex": 0.3
      }
    },
    {
      "shape": {
        "CLASSNAME": "edu.cg.scene.objects.Sphere",
        "DATA": {
          "center": {
            "x": 0.5,
            "y": -0.5,
            "z": 0.5
          },
          "radius": 0.5
        }
      },
      "material": {
        "Ka": {
          "x": 0.45641498742802544,
          "y": 0.5298685535668094,
          "z": 0.7454776611818417
        },
        "Kd": {
          "x": 0.45641498742802544,
          "y": 0.5298685535668094,
          "z": 0.7454776611818417
        },
        "Ks": {
          "x": 0.43230547634359207,
          "y": 0.43230547634359207,
          "z": 0.43230547634359207
        },
        "reflectionIntensity": 0.15309651213995956,
        "shininess": 10,
        "isTransparent": true,
        "refractionIntensity": 0.0,
        "refractionIndex": 1.0
      }
    }
  ]
}